Şehir;Ay;Hedef (TL)
İstanbul;2026-01;21.500,00
İstanbul;2026-02;23.000,00
İstanbul;2026-03;24.500,00
İstanbul;2026-04;26.000,00
İstanbul;2026-05;27.500,00
İstanbul;2026-06;29.000,00
İstanbul;2026-07;30.500,00
İstanbul;2026-08;32.000,00
İstanbul;2026-09;33.500,00
Ankara;2026-01;28.500,00
Ankara;2026-02;30.000,00
Ankara;2026-03;31.500,00
Ankara;2026-04;33.000,00
Ankara;2026-05;34.500,00
Ankara;2026-06;36.000,00
Ankara;2026-07;37.500,00
Ankara;2026-08;39.000,00
Ankara;2026-09;40.500,00
İzmir;2026-01;35.500,00
İzmir;2026-02;37.000,00
İzmir;2026-03;38.500,00
İzmir;2026-04;40.000,00
İzmir;2026-05;41.500,00
İzmir;2026-06;43.000,00
İzmir;2026-07;44.500,00
İzmir;2026-08;46.000,00
İzmir;2026-09;47.500,00
Bursa;2026-01;42.500,00
Bursa;2026-02;44.000,00
Bursa;2026-03;45.500,00
Bursa;2026-04;47.000,00
Bursa;2026-05;48.500,00
Bursa;2026-06;50.000,00
Bursa;2026-07;51.500,00
Bursa;2026-08;53.000,00
Bursa;2026-09;54.500,00
Adana;2026-01;49.500,00
Adana;2026-02;51.000,00
Adana;2026-03;52.500,00
Adana;2026-04;54.000,00
Adana;2026-05;55.500,00
Adana;2026-06;57.000,00
Adana;2026-07;58.500,00
Adana;2026-08;60.000,00
Adana;2026-09;61.500,00
Antalya;2026-01;56.500,00
Antalya;2026-02;58.000,00
Antalya;2026-03;59.500,00
Antalya;2026-04;61.000,00
Antalya;2026-05;62.500,00
Antalya;2026-06;64.000,00
Antalya;2026-07;65.500,00
Antalya;2026-08;67.000,00
Antalya;2026-09;68.500,00
Konya;2026-01;63.500,00
Konya;2026-02;65.000,00
Konya;2026-03;66.500,00
Konya;2026-04;68.000,00
Konya;2026-05;69.500,00
Konya;2026-06;71.000,00
Konya;2026-07;72.500,00
Konya;2026-08;74.000,00
Konya;2026-09;75.500,00
Trabzon;2026-01;70.500,00
Trabzon;2026-02;72.000,00
Trabzon;2026-03;73.500,00
Trabzon;2026-04;75.000,00
Trabzon;2026-05;76.500,00
Trabzon;2026-06;78.000,00
Trabzon;2026-07;79.500,00
Trabzon;2026-08;81.000,00
Trabzon;2026-09;82.500,00
